Date,Description,Reference,Debit,Credit
02/03/2025,  Customer payment - Client A,INV-1001,0,5000.00
03/03/2025,Supplier payment - Vendor B,BILL-201,1200.00,0
05/03/2025,Bank charges,BC-0325,45.00,0
07/03/2025,Customer payment - Client C,INV-1003,0,3200.50
10/03/2025,Rent payment,RENT-03,4000.00,0
12/03/2025,Customer payment - Client D,INV-1004,0,7800.00
12/03/2025,Customer payment - Client D,INV-1004,0,7800.00
15/03/2025,Supplier payment - Vendor E,BILL-202,2750.00,0
18/03/2025,Utility payment,UTIL-03,890.75,0
20/03/2025,Customer payment - Client F,INV-1006,0,1500.00
25/03/2025,Salary transfer,PAY-03,9500.00,0
28/03/2025,Unknown deposit,UNK-001,0,600.00
